{"schemaVersion":"1.0","appDefinitionTemplate":{"id":"/providers/Microsoft.PowerApps/apps/","type":"Microsoft.PowerApps/apps","tags":{"primaryDeviceWidth":"640","primaryDeviceHeight":"1136","sienaVersion":"20210613T151256Z-3.21054.36.0","deviceCapabilities":"","supportsPortrait":"true","supportsLandscape":"false","primaryFormFactor":"Phone","publisherVersion":"3.21054.36","minimumRequiredApiVersion":"2.2.0","hasComponent":"false","hasUnlockedComponent":"false","isUnifiedRootApp":"false"},"properties":{"appVersion":"2021-06-13T15:12:56Z","lifeCycleId":"Published","createdByClientVersion":{"major":3,"minor":21054,"build":36,"revision":0,"majorRevision":0,"minorRevision":0},"minClientVersion":{"major":3,"minor":21054,"build":36,"revision":0,"majorRevision":0,"minorRevision":0},"backgroundColor":"rgba(0, 176, 240, 1)","backgroundImageUri":"/15272748862325466986/Ndfeb8ab6-4311-48f1-9855-a92669a05780-logoSmallFile","displayName":"Whyse Fhir MVP","description":"","commitMessage":"","appUris":{"documentUri":{"value":"/15272748862325466986/Nb9bb4a36-6dd9-48c1-b82b-237864abba05-document.msapp"},"imageUris":[]},"createdTime":"0001-01-01T00:00:00Z","lastModifiedTime":"0001-01-01T00:00:00Z","sharedGroupsCount":0,"sharedUsersCount":0,"icons":{"smallIconUri":"/15272748862325466986/Nbae10aba-b9f2-46d4-a2c4-eeefaf0df5f4-small.png","mediumIconUri":"/15272748862325466986/Nbade9898-da15-4444-9e7a-1d65d230bb9c-medium.png","largeIconUri":"/15272748862325466986/Nc77fc794-bb6d-444e-b453-04113326da83-large.png","wideIconUri":"/15272748862325466986/N18d7fbfb-51de-40e9-a285-acae9232735a-wide.png"},"connectionReferences":{"d8bdd3a5-514f-4517-b05b-c08d46ce24cf":{"id":"7511664e-85ac-49e8-898f-de1d7b4c9807","displayName":"Power Apps Notification V2","iconUri":"https://connectoricons-prod.azureedge.net/releases/v1.0.1444/1.0.1444.2347/powerappsnotificationv2/icon.png","dataSources":["PowerAppsNotificationV2"],"dependencies":[],"dependents":[],"parameterHints":{},"isOnPremiseConnection":false,"sharedConnectionId":"58217746-0936-4bff-bad0-4306cb870464","bypassConsent":false,"dataSets":{},"apiTier":"Standard","isCustomApiConnection":false}},"databaseReferences":{},"almMode":"Environment","performanceOptimizationEnabled":true,"canConsumeAppPass":true,"executionRestrictions":{"isTeamsOnly":false,"dataLossPreventionEvaluationResult":{"status":"Compliant","lastEvaluationDate":"2021-06-12T15:40:26.0370285Z","violations":[],"violationsByPolicy":[],"violationErrorMessage":"The app uses the following connectors: shared_powerappsnotificationv2."}}},"appType":"ClassicCanvasApp","appComponents":[]}}